"","new_corp_fam","year","total_listings","total_drugs"
"1","-","2011",1,1
"2","a","2018",1,1
"3","abbvie","1946",1,1
"4","abbvie","1980",3,1
"5","abbvie","1983",3,1
"6","abbvie","1989",2,2
"7","abbvie","1990",1,1
"8","abbvie","1991",1,1
"9","abbvie","1993",5,1
"10","abbvie","1995",7,3
"11","abbvie","1996",3,1
"12","abbvie","1998",2,1
"13","abbvie","2000",2,1
"14","abbvie","2002",13,2
"15","abbvie","2006",1,1
"16","abbvie","2008",3,2
"17","abbvie","2009",4,1
"18","abbvie","2010",15,7
"19","abbvie","2011",3,1
"20","abbvie","2012",1,1
"21","abbvie","2013",3,2
"22","abbvie","2014",2,2
"23","abbvie","2015",5,4
"24","abbvie","2016",12,5
"25","abbvie","2017",10,5
"26","abbvie","2018",4,2
"27","abbvie","2019",2,2
"28","able c&c","2015",3,3
"29","able c&c","2016",2,2
"30","able c&c","2017",1,1
"31","able c&c","2018",1,1
"32","able c&c","2019",6,6
"33","abraxis bioscience","2005",1,1
"34","academy","2016",1,1
"35","acadia","2016",1,1
"36","acadia","2018",2,1
"37","acelrx","2018",1,1
"38","achaogen","2018",1,1
"39","aci","2011",3,1
"40","aci","2014",2,1
"41","aci","2017",8,3
"42","aci","2018",6,2
"43","aclaris therapeutics","2017",3,2
"44","acorda therapeutics","1997",1,1
"45","acorda therapeutics","2010",1,1
"46","acorda therapeutics","2013",2,1
"47","acorda therapeutics","2018",1,1
"48","actelion","2001",2,1
"49","actelion","2003",1,1
"50","actelion","2005",1,1
"51","actelion","2009",1,1
"52","actelion","2010",2,1
"53","actelion","2013",2,2
"54","actelion","2015",9,2
"55","actelion","2017",1,1
"56","adamas","2017",2,1
"57","adamis","2017",1,1
"58","adhera therapeutics","2015",3,1
"59","advance","1988",1,1
"60","advance","1989",4,3
"61","advance","1990",3,3
"62","advance","1996",1,1
"63","advance","1999",2,2
"64","advance","2002",4,4
"65","advance","2006",1,1
"66","advance","2007",1,1
"67","advance","2012",2,2
"68","advance","2013",2,2
"69","advance","2015",1,1
"70","advance","2016",1,1
"71","advance","2017",3,3
"72","advanced","2009",1,1
"73","advanced accelerator applications","2016",1,1
"74","advanced accelerator applications","2018",1,1
"75","advanced solutions","2016",1,1
"76","advanced vision research","1995",1,1
"77","advanced vision research","1999",1,1
"78","advanced vision research","2002",1,1
"79","advanced vision research","2013",1,1
"80","advanced vision research","2018",2,2
"81","advocate","2000",1,1
"82","aegerion","2013",6,1
"83","aegerion","2015",1,1
"84","aetna felt","1995",2,1
"85","aetna felt","2010",1,1
"86","agios","2018",1,1
"87","agp","2002",2,2
"88","aidance skincare&topical solutions","2012",9,6
"89","aidance skincare&topical solutions","2014",13,12
"90","aidance skincare&topical solutions","2015",12,11
"91","aidance skincare&topical solutions","2016",3,3
"92","aidance skincare&topical solutions","2017",16,15
"93","aidance skincare&topical solutions","2018",2,2
"94","aidance skincare&topical solutions","2019",2,2
"95","air liquide america","1960",2,1
"96","air techniques","2015",1,1
"97","airlines","2013",2,2
"98","airways","2013",1,1
"99","akcea therapeutics","2018",1,1
"100","alegent","2004",1,1
"101","alexion","2007",1,1
"102","alexion","2018",1,1
"103","alfasigma","2019",1,1
"104","alimera sciences","2014",1,1
"105","alk-abello","1965",937,369
"106","alk-abello","1975",91,65
"107","alk-abello","1989",2,2
"108","alk-abello","1990",3,1
"109","alk-abello","1991",6,3
"110","alk-abello","1992",3,1
"111","alk-abello","1997",9,8
"112","alk-abello","1998",109,105
"113","alk-abello","2003",2,1
"114","alk-abello","2015",1,1
"115","alkermes","2006",1,1
"116","alkermes","2015",3,1
"117","alkermes","2017",1,1
"118","alkermes","2018",1,1
"119","allergan","1952",1,1
"120","allergan","1961",1,1
"121","allergan","1971",1,1
"122","allergan","1972",2,2
"123","allergan","1973",3,2
"124","allergan","1974",2,1
"125","allergan","1976",2,1
"126","allergan","1977",1,1
"127","allergan","1978",1,1
"128","allergan","1981",1,1
"129","allergan","1982",2,2
"130","allergan","1983",1,1
"131","allergan","1985",2,2
"132","allergan","1986",10,5
"133","allergan","1987",7,5
"134","allergan","1988",4,1
"135","allergan","1989",3,3
"136","allergan","1990",25,13
"137","allergan","1991",5,3
"138","allergan","1992",8,4
"139","allergan","1993",16,8
"140","allergan","1994",2,1
"141","allergan","1995",13,6
"142","allergan","1996",23,10
"143","allergan","1997",28,19
"144","allergan","1998",15,7
"145","allergan","2000",9,7
"146","allergan","2001",8,6
"147","allergan","2002",25,15
"148","allergan","2003",27,17
"149","allergan","2004",9,7
"150","allergan","2005",8,5
"151","allergan","2006",18,10
"152","allergan","2007",24,11
"153","allergan","2008",18,10
"154","allergan","2009",47,16
"155","allergan","2010",28,20
"156","allergan","2011",62,30
"157","allergan","2012",29,13
"158","allergan","2013",32,23
"159","allergan","2014",46,23
"160","allergan","2015",66,37
"161","allergan","2016",47,35
"162","allergan","2017",41,21
"163","allergan","2018",23,14
"164","allergan","2019",33,22
"165","alliance","2018",2,2
"166","alliance","2019",2,2
"167","allos therapeutics","2009",1,1
"168","alnylam","2018",1,1
"169","alnylam","2019",1,1
"170","alpine","2018",1,1
"171","altitude","2016",1,1
"172","amag","2009",1,1
"173","amag","2011",2,1
"174","amag","2017",1,1
"175","amag","2018",1,1
"176","amag","2019",1,1
"177","amarin","2012",2,1
"178","amarin","2016",1,1
"179","amicus therapeutics","2018",1,1
"180","amphastar","2003",1,1
"181","amphastar","2004",1,1
"182","amphastar","2011",14,1
"183","amphastar","2016",1,1
"184","amphastar","2017",7,3
"185","amphastar","2018",2,1
"186","amphastar","2019",1,1
"187","amway","2013",4,4
"188","amway","2014",1,1
"189","amway","2015",4,4
"190","amway","2017",3,3
"191","ani","2010",2,1
"192","ani","2011",6,3
"193","ani","2012",2,2
"194","ani","2014",5,3
"195","ani","2015",13,7
"196","ani","2016",9,7
"197","ani","2017",13,5
"198","ani","2018",27,12
"199","ani","2019",16,8
"200","antares","2013",7,1
"201","antares","2018",3,1
"202","apollo","2019",6,2
"203","apple","2010",2,2
"204","aptevo","2016",5,2
"205","aptevo","2017",6,1
"206","aquestive therapeutics","2018",3,1
"207","aralez","2017",2,1
"208","aralez","2018",4,1
"209","arbonne","2009",1,1
"210","arbonne","2010",15,15
"211","arbonne","2012",1,1
"212","arbonne","2013",4,4
"213","arbonne","2014",3,3
"214","arbonne","2015",5,5
"215","arbonne","2016",4,4
"216","arbonne","2017",2,2
"217","arbonne","2018",9,9
"218","ardelyx","2019",1,1
"219","armstrong","2018",1,1
"220","array biopharma","2018",2,2
"221","arteriocyte","2011",1,1
"222","assertio therapeutics","2009",1,1
"223","assertio therapeutics","2010",1,1
"224","assertio therapeutics","2011",3,1
"225","assertio therapeutics","2016",1,1
"226","astrazeneca","1992",3,1
"227","astrazeneca","1997",3,1
"228","astrazeneca","1998",4,1
"229","astrazeneca","2000",4,3
"230","astrazeneca","2001",3,2
"231","astrazeneca","2002",1,1
"232","astrazeneca","2003",6,2
"233","astrazeneca","2005",1,1
"234","astrazeneca","2006",2,1
"235","astrazeneca","2007",10,5
"236","astrazeneca","2008",3,2
"237","astrazeneca","2009",2,1
"238","astrazeneca","2010",1,1
"239","astrazeneca","2011",3,2
"240","astrazeneca","2012",2,1
"241","astrazeneca","2014",14,6
"242","astrazeneca","2015",12,8
"243","astrazeneca","2016",1,1
"244","astrazeneca","2017",16,8
"245","astrazeneca","2018",4,3
"246","astrazeneca","2019",2,2
"247","atco","2009",1,1
"248","atco","2017",1,1
"249","atco","2018",1,1
"250","atco","2019",1,1
"251","atec","2019",5,4
"252","austin","2011",1,1
"253","avadel","2017",2,1
"254","avanir","2010",1,1
"255","avanir","2015",1,1
"256","avedro","2016",2,2
"257","avedro","2017",1,1
"258","avent","1997",2,1
"259","avexis","2019",22,1
"260","avondale","2000",1,1
"261","avondale","2017",1,1
"262","aytu bioscience","2017",1,1
"263","aytu bioscience","2019",1,1
"264","barr","2009",6,1
"265","bausch","1985",3,1
"266","bausch","1988",1,1
"267","bausch","2000",2,2
"268","bausch","2001",4,1
"269","bausch","2004",1,1
"270","bausch","2006",2,2
"271","bausch","2008",4,2
"272","bausch","2009",2,1
"273","bausch","2010",3,1
"274","bausch","2012",4,2
"275","bausch","2013",1,1
"276","bausch","2014",9,8
"277","bausch","2015",1,1
"278","bausch","2016",1,1
"279","bausch","2019",1,1
"280","bausch&lomb","1981",1,1
"281","bausch&lomb","1990",2,2
"282","bausch&lomb","1993",2,2
"283","bausch&lomb","1994",10,9
"284","bausch&lomb","1995",6,6
"285","bausch&lomb","1996",3,3
"286","bausch&lomb","1997",1,1
"287","bausch&lomb","1998",2,2
"288","bausch&lomb","1999",1,1
"289","bausch&lomb","2001",1,1
"290","bausch&lomb","2002",1,1
"291","bausch&lomb","2003",3,3
"292","bausch&lomb","2004",4,4
"293","bausch&lomb","2005",2,2
"294","bausch&lomb","2006",2,1
"295","bausch&lomb","2007",1,1
"296","bausch&lomb","2008",2,2
"297","bausch&lomb","2009",4,4
"298","bausch&lomb","2010",8,8
"299","bausch&lomb","2011",6,4
"300","bausch&lomb","2012",1,1
"301","bausch&lomb","2013",2,2
"302","bausch&lomb","2016",4,2
"303","bausch&lomb","2017",2,2
"304","bausch&lomb","2018",3,2
"305","bausch&lomb","2019",1,1
"306","baxalta","1986",4,1
"307","baxalta","1994",3,2
"308","baxalta","2002",3,2
"309","baxalta","2005",1,1
"310","baxalta","2006",1,1
"311","baxalta","2007",1,1
"312","baxalta","2009",3,1
"313","baxalta","2010",8,4
"314","baxalta","2011",4,1
"315","baxalta","2012",1,1
"316","baxalta","2014",7,3
"317","baxalta","2015",5,2
"318","baxalta","2016",5,2
"319","bayer bitterfeld","2008",1,1
"320","bcm","2012",1,1
"321","bcm","2014",2,2
"322","bcm","2015",1,1
"323","bcm","2016",13,11
"324","bcm","2017",12,6
"325","bcm","2018",13,6
"326","bcm","2019",11,5
"327","beach","1977",2,2
"328","beach","1978",1,1
"329","beaumont","2016",1,1
"330","beaver research","2015",1,1
"331","bed bath&beyond","2017",1,1
"332","beiersdorf","1975",1,1
"333","beiersdorf","1991",1,1
"334","beiersdorf","2001",1,1
"335","beiersdorf","2009",1,1
"336","beiersdorf","2013",1,1
"337","beiersdorf","2014",1,1
"338","beiersdorf","2015",8,8
"339","beiersdorf","2016",4,3
"340","beiersdorf","2017",3,3
"341","beiersdorf","2018",1,1
"342","beigene","2019",1,1
"343","bellus","2017",3,3
"344","bhp","2019",1,1
"345","big lots","2015",10,9
"346","big lots","2016",7,7
"347","big lots","2017",6,6
"348","big lots","2018",1,1
"349","big lots stores","2014",1,1
"350","big lots stores","2015",13,11
"351","big lots stores","2016",11,10
"352","big lots stores","2017",6,6
"353","big lots stores","2018",5,5
"354","big lots stores","2019",5,5
"355","bio-pharm","2001",1,1
"356","bio-pharm","2017",1,1
"357","bio-pharm","2018",1,1
"358","biocodex","2018",4,1
"359","biocompatibles","2013",1,1
"360","biocompatibles","2014",1,1
"361","biodelivery","2017",7,1
"362","biodelivery","2019",1,1
"363","biofrontera","2016",1,1
"364","biomarin","2005",1,1
"365","biomarin","2007",1,1
"366","biomarin","2014",2,2
"367","biomarin","2015",1,1
"368","biomarin","2017",1,1
"369","biomarin","2018",3,1
"370","biopelle","2012",1,1
"371","biota","2018",1,1
"372","biotics research","2019",10,10
"373","bioverativ therapeutics","2014",4,1
"374","bioverativ therapeutics","2016",2,1
"375","bioverativ therapeutics","2017",10,1
"376","bluemercury","2015",12,2
"377","bluemercury","2018",1,1
"378","boelter companies","2013",1,1
"379","boiron","2017",1,1
"380","boiron","2018",1,1
"381","boiron","2019",3,3
"382","bozeman deaconess","2011",1,1
"383","bradford soap works","2007",1,1
"384","bradford soap works","2010",1,1
"385","bradford soap works","2016",3,3
"386","bradford soap works","2017",1,1
"387","bradford soap works","2019",4,3
"388","braun","1970",1,1
"389","braun","1971",2,2
"390","braun","1973",1,1
"391","braun","1978",6,6
"392","braun","1979",2,2
"393","braun","1982",3,3
"394","braun","1983",1,1
"395","braun","1984",3,2
"396","braun","1988",25,8
"397","braun","1989",5,4
"398","braun","1991",1,1
"399","braun","1992",8,5
"400","braun","1993",2,2
"401","braun","2000",1,1
"402","braun","2005",2,1
"403","braun","2006",2,1
"404","braun","2009",1,1
"405","braun","2010",5,3
"406","braun","2011",2,1
"407","braun","2012",2,2
"408","braun","2013",4,4
"409","braun","2014",4,4
"410","braun","2015",5,3
"411","braun","2016",1,1
"412","braun","2017",1,1
"413","braun","2018",3,3
"414","braun","2019",2,2
"415","bristol","1991",2,1
"416","bristol","1997",1,1
"417","bristol","1998",2,2
"418","bristol","2000",4,1
"419","bristol","2002",1,1
"420","bristol","2009",15,3
"421","btg","2000",1,1
"422","btg","2001",1,1
"423","btg","2012",1,1
"424","buckeye","2007",3,3
"425","buckeye","2011",2,2
"426","bunzl","2001",1,1
"427","bunzl","2002",2,2
"428","bunzl","2003",1,1
"429","bunzl","2007",1,1
"430","bunzl","2008",2,2
"431","bunzl","2011",1,1
"432","bunzl","2015",2,2
"433","bunzl","2017",3,3
"434","burberry","2014",17,17
"435","buzz","2016",1,1
"436","cadista","1997",4,1
"437","cadista","1998",2,2
"438","cadista","2001",3,1
"439","cadista","2005",1,1
"440","cadista","2008",1,1
"441","cadista","2009",4,1
"442","cadista","2010",2,2
"443","cadista","2012",7,2
"444","cadista","2018",2,1
"445","cadista","2019",3,1
"446","caldwell","2018",3,2
"447","cameron","1966",1,1
"448","cameron","2013",2,1
"449","cameron","2017",5,3
"450","cameron","2018",1,1
"451","cangene biopharma","2015",1,1
"452","cape","1977",1,1
"453","cara","2015",1,1
"454","cas","2012",1,1
"455","catalyst","2019",1,1
"456","cb fleet","1953",1,1
"457","cb fleet","1984",4,1
"458","cb fleet","2002",4,4
"459","cb fleet","2004",1,1
"460","cb fleet","2008",4,3
"461","cb fleet","2011",1,1
"462","cb fleet","2012",4,2
"463","cb fleet","2014",3,1
"464","cb fleet","2016",2,2
"465","cb fleet","2019",3,3
"466","celgene","2003",3,1
"467","celgene","2004",1,1
"468","celgene","2005",2,1
"469","celgene","2006",2,1
"470","celgene","2007",1,1
"471","celgene","2010",1,1
"472","celgene","2012",1,1
"473","celgene","2013",5,2
"474","celgene","2014",2,1
"475","celgene","2015",1,1
"476","celgene","2017",2,1
"477","celgene","2019",3,2
"478","celltrion","2012",3,1
"479","celltrion","2018",1,1
"480","celltrion","2019",8,6
"481","century","1983",1,1
"482","century","1986",1,1
"483","century","2001",1,1
"484","century","2006",1,1
"485","cephalon","1999",8,2
"486","cephalon","2000",1,1
"487","cephalon","2001",4,1
"488","cephalon","2006",5,1
"489","cephalon","2007",2,1
"490","cephalon","2008",1,1
"491","cephalon","2009",3,1
"492","cephalon","2010",1,1
"493","cephalon","2012",1,1
"494","cephalon","2013",2,1
"495","cephalon","2014",1,1
"496","cephalon","2017",1,1
"497","cephalon","2018",2,1
"498","cephalon","2019",2,1
"499","cerecor","2014",2,2
"500","chattem","1978",1,1
"501","chattem","1991",3,1
"502","chattem","1993",1,1
"503","chattem","1994",2,2
"504","chattem","1996",6,5
"505","chattem","1997",3,2
"506","chattem","1998",5,5
"507","chattem","1999",1,1
"508","chattem","2000",1,1
"509","chattem","2001",1,1
"510","chattem","2002",4,4
"511","chattem","2003",6,4
"512","chattem","2004",2,2
"513","chattem","2006",2,2
"514","chattem","2007",7,7
"515","chattem","2008",5,5
"516","chattem","2009",10,9
"517","chattem","2010",4,4
"518","chattem","2011",7,4
"519","chattem","2012",7,7
"520","chattem","2013",7,7
"521","chattem","2014",9,9
"522","chattem","2015",10,9
"523","chattem","2016",8,8
"524","chattem","2017",8,8
"525","chattem","2018",8,7
"526","chattem","2019",18,16
"527","chemi","2018",6,1
"528","chiesi","1992",3,1
"529","chiesi","1996",3,2
"530","chiesi","1999",1,1
"531","chiesi","2007",1,1
"532","chiesi","2008",3,1
"533","chiesi","2013",1,1
"534","chiesi","2015",1,1
"535","church&dwight","1995",1,1
"536","church&dwight","2000",1,1
"537","church&dwight","2001",1,1
"538","church&dwight","2003",6,2
"539","church&dwight","2004",7,5
"540","church&dwight","2008",1,1
"541","church&dwight","2010",5,5
"542","church&dwight","2011",5,4
"543","church&dwight","2012",10,9
"544","church&dwight","2013",2,2
"545","church&dwight","2014",4,4
"546","church&dwight","2015",14,11
"547","church&dwight","2016",5,5
"548","church&dwight","2017",8,5
"549","church&dwight","2018",4,4
"550","church&dwight","2019",12,12
"551","cima labs","2012",2,1
"552","cit","2018",1,1
"553","clarus therapeutics","2019",3,1
"554","cleanwell","2007",1,1
"555","cleanwell","2010",2,2
"556","clorox","2019",2,2
"557","clover","2015",3,1
"558","clovis oncology","2016",2,1
"559","clovis oncology","2017",1,1
"560","cole","2019",1,1
"561","collegium","2016",5,1
"562","collegium","2019",8,1
"563","coloplast","2019",1,1
"564","combe","1974",1,1
"565","combe","2005",2,1
"566","combe","2016",2,2
"567","combe","2018",2,2
"568","combe","2019",2,2
"569","commonwealth","2014",1,1
"570","continuum","2017",1,1
"571","contract pharmacal","2014",3,1
"572","coopersurgical","1977",1,1
"573","coopersurgical","2015",2,2
"574","coopersurgical","2017",1,1
"575","corcept therapeutics","2012",1,1
"576","corepharma","2003",1,1
"577","corepharma","2007",4,2
"578","corepharma","2015",1,1
"579","coson","2014",6,5
"580","coson","2015",1,1
"581","coson","2017",3,3
"582","cotherix","2018",1,1
"583","cotherix","2019",2,1
"584","coty","2012",11,4
"585","coty","2015",2,2
"586","coty","2018",2,2
"587","coty","2019",1,1
"588","crawford","2015",1,1
"589","crawford","2016",1,1
"590","crawford","2017",2,2
"591","crc","2011",2,2
"592","crc","2014",3,3
"593","cronus","2005",2,1
"594","cronus","2007",2,1
"595","cronus","2010",2,1
"596","cronus","2015",2,1
"597","crosstex","2012",10,2
"598","crosstex","2013",6,1
"599","crosstex","2019",1,1
"600","crown","1965",1,1
"601","crown","1970",1,1
"602","crown","1973",3,3
"603","crown","1977",1,1
"604","crown","1984",3,1
"605","crown","2001",3,3
"606","crown","2003",2,2
"607","crown","2009",1,1
"608","crown","2010",1,1
"609","crown","2011",7,5
"610","crown","2016",2,2
"611","crown","2017",1,1
"612","crown","2018",3,3
"613","crown","2019",7,7
"614","cumberland","2004",1,1
"615","cumberland","2008",1,1
"616","cumberland","2009",1,1
"617","cumberland","2012",3,2
"618","cumberland","2016",1,1
"619","cumberland","2017",1,1
"620","cure","2018",2,2
"621","cutanea life sciences","2017",1,1
"622","cutanea life sciences","2018",1,1
"623","cutispharma","2018",4,1
"624","cypress","1999",2,2
"625","cypress","2002",2,2
"626","cypress","2014",1,1
"627","deb","2011",1,1
"628","deb","2012",3,3
"629","deb","2013",20,20
"630","deb","2014",14,14
"631","deb","2015",5,5
"632","deb","2016",1,1
"633","deb","2017",9,8
"634","deb","2018",18,17
"635","decatur memorial hospital","2019",4,4
"636","degrees","2018",1,1
"637","dendreon","2010",1,1
"638","depomed","2011",2,1
"639","depomed","2016",1,1
"640","dermadoctor","2005",2,2
"641","dermadoctor","2018",1,1
"642","dermazone solutions","2015",2,1
"643","dermira","2018",1,1
"644","dhc","2018",1,1
"645","dial","2012",4,4
"646","dial","2013",1,1
"647","dial","2014",3,3
"648","dial","2015",1,1
"649","diamond wipes","2016",1,1
"650","dimensional merchandising","2013",1,1
"651","dimensional merchandising","2014",1,1
"652","dimensional merchandising","2015",1,1
"653","dimensional merchandising","2016",1,1
"654","dimensional merchandising","2017",1,1
"655","dimensional merchandising","2018",2,2
"656","discus dental","2005",2,1
"657","discus dental","2006",7,2
"658","discus dental","2014",1,1
"659","discus dental","2017",1,1
"660","dmg america","2006",10,3
"661","dorel juvenile","2010",1,1
"662","duchesnay","2013",1,1
"663","duchesnay","2018",1,1
"664","durata therapeutics","2014",1,1
"665","dyax","2010",1,1
"666","dyax","2018",1,1
"667","dynavax","2018",1,1
"668","e","2017",5,1
"669","e","2019",4,1
"670","e-z-em","1986",1,1
"671","e-z-em","2009",1,1
"672","e-z-em canada","1974",1,1
"673","e-z-em canada","1984",1,1
"674","e-z-em canada","2000",1,1
"675","e-z-em canada","2003",1,1
"676","e-z-em canada","2016",2,2
"677","e-z-em canada","2017",9,8
"678","e-z-em canada","2018",2,2
"679","e-z-em canada","2019",2,2
"680","eagle","2011",2,1
"681","eagle","2014",3,2
"682","eagle","2018",1,1
"683","eagle","2019",1,1
"684","ecr","2009",1,1
"685","egalet","1992",1,1
"686","egalet","2011",1,1
"687","egalet","2019",7,4
"688","eight","2014",1,1
"689","eight","2019",17,16
"690","eisai","1990",1,1
"691","eisai","1994",2,1
"692","eisai","1996",2,1
"693","eisai","1999",1,1
"694","eisai","2004",2,1
"695","eisai","2008",2,1
"696","eisai","2009",1,1
"697","eisai","2010",2,2
"698","eisai","2011",1,1
"699","eisai","2012",7,2
"700","eisai","2015",4,1
"701","eisai","2016",4,3
"702","eisai","2018",2,1
"703","elemis","2018",3,3
"704","eli lilly","1983",2,1
"705","eli lilly","1987",2,2
"706","eli lilly","1989",1,1
"707","eli lilly","1994",1,1
"708","eli lilly","1996",6,3
"709","eli lilly","1997",1,1
"710","eli lilly","1998",2,2
"711","eli lilly","1999",3,2
"712","eli lilly","2000",3,2
"713","eli lilly","2001",3,2
"714","eli lilly","2002",6,2
"715","eli lilly","2003",6,2
"716","eli lilly","2004",4,3
"717","eli lilly","2005",2,1
"718","eli lilly","2006",3,1
"719","eli lilly","2007",5,3
"720","eli lilly","2008",1,1
"721","eli lilly","2009",5,2
"722","eli lilly","2010",1,1
"723","eli lilly","2012",1,1
"724","eli lilly","2013",2,1
"725","eli lilly","2014",4,2
"726","eli lilly","2015",4,4
"727","eli lilly","2016",4,2
"728","eli lilly","2017",6,2
"729","eli lilly","2018",3,2
"730","eli lilly","2019",5,4
"731","elizabeth arden","2015",36,20
"732","elizabeth arden","2017",11,10
"733","elusys therapeutics","2016",1,1
"734","emami","2019",1,1
"735","emd serono","1996",3,2
"736","emd serono","1997",1,1
"737","emd serono","2000",2,2
"738","emd serono","2002",2,2
"739","emd serono","2003",2,2
"740","emd serono","2004",5,4
"741","emd serono","2012",3,1
"742","emd serono","2013",3,1
"743","emd serono","2017",2,2
"744","emd serono","2019",2,2
"745","emergent","2013",1,1
"746","endexx","2019",2,2
"747","endo","1998",1,1
"748","endo","1999",3,2
"749","endo","2001",3,2
"750","endo","2002",1,1
"751","endo","2003",1,1
"752","endo","2004",1,1
"753","endo","2005",1,1
"754","endo","2006",2,1
"755","endo","2007",2,2
"756","endo","2010",2,2
"757","endo","2011",1,1
"758","endo","2012",8,4
"759","endo","2014",6,3
"760","endo","2016",1,1
"761","endo","2019",1,1
"762","eon labs","1976",1,1
"763","eon labs","1977",2,1
"764","eon labs","1978",2,1
"765","eon labs","1981",4,2
"766","eon labs","1983",2,2
"767","eon labs","1994",2,2
"768","eon labs","1996",5,3
"769","eon labs","1997",4,2
"770","eon labs","1998",6,4
"771","eon labs","2000",12,6
"772","eon labs","2001",6,3
"773","eon labs","2002",12,6
"774","eon labs","2003",6,3
"775","eon labs","2004",14,7
"776","eon labs","2005",6,4
"777","eon labs","2008",2,1
"778","eon labs","2010",1,1
"779","eon labs","2014",1,1
"780","eon labs","2015",7,3
"781","eon labs","2016",6,2
"782","eos","2016",2,1
"783","eos","2017",2,2
"784","eos","2019",2,2
"785","essential","2019",1,1
"786","everyday","2019",4,4
"787","evolus","2019",1,1
"788","evolution","2014",2,2
"789","exelixis","2012",3,1
"790","exelixis","2016",3,1
"791","express","1990",1,1
"792","extremity","2016",1,1
"793","ezra","2016",1,1
"794","fabrication enterprises","2010",2,1
"795","fabrication enterprises","2018",1,1
"796","fabrication enterprises","2019",4,3
"797","family","1990",1,1
"798","family dollar stores","2012",1,1
"799","fastenal","2018",1,1
"800","fdc","2016",1,1
"801","fdc","2018",1,1
"802","fdc","2019",2,2
"803","feinstein institute for research","2005",1,1
"804","fenwal","2007",52,10
"805","fenwal","2008",5,3
"806","fenwal","2009",2,1
"807","fenwal","2010",9,2
"808","fenwal","2011",2,1
"809","fenwal","2012",3,3
"810","fenwal","2013",1,1
"811","fenwal","2017",5,3
"812","fenwal","2019",1,1
"813","ferring","1974",2,1
"814","ferring","1978",2,1
"815","ferring","1984",2,1
"816","ferring","1995",4,3
"817","ferring","1996",1,1
"818","ferring","2004",1,1
"819","ferring","2007",1,1
"820","ferring","2009",2,1
"821","ferring","2010",1,1
"822","ferring","2012",1,1
"823","ferring","2014",1,1
"824","ferring","2015",1,1
"825","ferring","2018",4,3
"826","first community","1996",1,1
"827","flanders","1986",1,1
"828","fleet","2013",2,2
"829","flexion therapeutics","2017",1,1
"830","fnc","2018",3,3
"831","forever","2014",4,4
"832","formula","2012",1,1
"833","foundation","2003",1,1
"834","fresh market","2012",4,4
"835","galen","2013",1,1
"836","galen","2017",1,1
"837","galena","2013",6,1
"838","gas","2013",2,2
"839","gc","2019",1,1
"840","gc america","2015",5,2
"841","gc america","2017",1,1
"842","genesis","2010",1,1
"843","genesis","2015",1,1
"844","genesis","2016",1,1
"845","genesis","2017",3,3
"846","genesis","2018",4,4
"847","gentex","2018",1,1
"848","gentex","2019",1,1
"849","genus","2014",1,1
"850","genus","2015",2,2
"851","genzyme","1994",2,1
"852","genzyme","1998",2,2
"853","genzyme","2003",1,1
"854","genzyme","2008",7,3
"855","genzyme","2009",4,2
"856","genzyme","2010",1,1
"857","genzyme","2011",2,1
"858","genzyme","2013",2,1
"859","genzyme","2014",2,2
"860","genzyme","2019",1,1
"861","glaxosmithkline","1989",1,1
"862","glaxosmithkline","1990",3,1
"863","glaxosmithkline","1993",2,2
"864","glaxosmithkline","1994",1,1
"865","glaxosmithkline","1995",7,4
"866","glaxosmithkline","1996",4,3
"867","glaxosmithkline","1997",11,5
"868","glaxosmithkline","1998",8,5
"869","glaxosmithkline","1999",1,1
"870","glaxosmithkline","2000",4,3
"871","glaxosmithkline","2001",3,1
"872","glaxosmithkline","2002",4,4
"873","glaxosmithkline","2003",9,4
"874","glaxosmithkline","2004",1,1
"875","glaxosmithkline","2005",1,1
"876","glaxosmithkline","2006",4,4
"877","glaxosmithkline","2007",12,5
"878","glaxosmithkline","2008",7,3
"879","glaxosmithkline","2009",30,6
"880","glaxosmithkline","2010",29,8
"881","glaxosmithkline","2011",24,15
"882","glaxosmithkline","2012",7,5
"883","glaxosmithkline","2013",9,6
"884","glaxosmithkline","2014",15,12
"885","glaxosmithkline","2015",10,8
"886","glaxosmithkline","2016",22,18
"887","glaxosmithkline","2017",23,15
"888","glaxosmithkline","2018",14,11
"889","glaxosmithkline","2019",18,11
"890","glaxosmithkline biologicals","2007",5,3
"891","glaxosmithkline biologicals","2008",1,1
"892","glaxosmithkline biologicals","2009",3,3
"893","glaxosmithkline biologicals","2011",1,1
"894","glaxosmithkline biologicals","2015",1,1
"895","glaxosmithkline biologicals","2016",2,2
"896","glaxosmithkline biologicals","2017",3,2
"897","glaxosmithkline biologicals","2019",1,1
"898","global blood therapeutics","2019",1,1
"899","gojo industries","1998",1,1
"900","gojo industries","2000",1,1
"901","gojo industries","2001",2,2
"902","gojo industries","2003",4,4
"903","gojo industries","2004",6,6
"904","gojo industries","2005",1,1
"905","gojo industries","2006",1,1
"906","gojo industries","2007",3,3
"907","gojo industries","2009",1,1
"908","gojo industries","2010",9,8
"909","gojo industries","2011",13,11
"910","gojo industries","2012",12,12
"911","gojo industries","2013",6,6
"912","gojo industries","2014",6,6
"913","gojo industries","2015",1,1
"914","gojo industries","2016",6,6
"915","gojo industries","2017",24,23
"916","gojo industries","2018",4,3
"917","gojo industries","2019",8,8
"918","gordon food service","2006",1,1
"919","gordon food service","2017",1,1
"920","great atlantic&pacific tea","1993",1,1
"921","great atlantic&pacific tea","1995",2,2
"922","great atlantic&pacific tea","2006",1,1
"923","great atlantic&pacific tea","2007",1,1
"924","great atlantic&pacific tea","2010",1,1
"925","great atlantic&pacific tea","2012",2,2
"926","green","2012",4,4
"927","green cross","2013",3,3
"928","greenstone","1959",4,1
"929","greenstone","1960",2,1
"930","greenstone","1970",2,1
"931","greenstone","1977",1,1
"932","greenstone","1978",1,1
"933","greenstone","1980",1,1
"934","greenstone","1981",4,1
"935","greenstone","1982",2,1
"936","greenstone","1986",1,1
"937","greenstone","1987",1,1
"938","greenstone","1989",1,1
"939","greenstone","1990",4,1
"940","greenstone","1992",3,2
"941","greenstone","1993",2,1
"942","greenstone","1994",1,1
"943","greenstone","1995",5,2
"944","greenstone","1996",2,2
"945","greenstone","1999",4,2
"946","greenstone","2000",1,1
"947","greenstone","2001",4,1
"948","greenstone","2002",5,4
"949","greenstone","2003",5,2
"950","greenstone","2004",5,1
"951","greenstone","2005",1,1
"952","greenstone","2006",1,1
"953","greenstone","2007",3,1
"954","greenstone","2008",1,1
"955","greenstone","2009",2,1
"956","greenstone","2010",5,2
"957","greenstone","2011",4,4
"958","greenstone","2012",5,4
"959","greenstone","2013",17,8
"960","greenstone","2014",33,11
"961","greenstone","2015",6,3
"962","greenstone","2016",7,3
"963","greenstone","2017",12,5
"964","greenstone","2018",8,7
"965","greenstone","2019",24,9
"966","greenwich","2018",1,1
"967","grifols","1958",1,1
"968","grifols","1974",1,1
"969","grifols","1978",3,1
"970","grifols","1981",6,1
"971","grifols","1987",3,2
"972","grifols","1990",6,1
"973","grifols","1991",2,1
"974","grifols","1994",3,1
"975","grifols","1995",1,1
"976","grifols","1996",6,5
"977","grifols","2003",1,1
"978","grifols","2006",1,1
"979","grifols","2007",10,1
"980","grifols","2010",2,2
"981","grifols","2015",1,1
"982","grifols","2017",1,1
"983","grifols","2018",1,1
"984","grifols","2019",7,4
"985","groupe marcelle","2016",1,1
"986","groupe marcelle","2017",2,2
"987","guardian","2001",1,1
"988","guardian","2003",1,1
"989","guardian drug","2002",1,1
"990","guardian drug","2003",2,2
"991","guardian drug","2004",1,1
"992","guardian drug","2005",1,1
"993","guardian drug","2008",1,1
"994","guardian drug","2010",1,1
"995","guardian drug","2012",10,10
"996","guardian drug","2018",4,4
"997","guardian drug","2019",1,1
"998","guerbet","2013",3,1
"999","guerbet","2014",1,1
"1000","guerbet","2019",1,1
"1001","haemonetics","2013",6,5
"1002","halton","2015",2,1
"1003","hampshire","2017",1,1
"1004","hannaford brothers","2017",1,1
"1005","hanson","2015",1,1
"1006","haw par","2001",1,1
"1007","haw par","2005",4,4
"1008","haw par","2007",2,2
"1009","haw par","2008",1,1
"1010","haw par","2013",1,1
"1011","haw par","2014",1,1
"1012","haw par","2017",1,1
"1013","haw par","2018",4,4
"1014","healthpoint","2006",1,1
"1015","henkel","2010",1,1
"1016","henkel","2011",1,1
"1017","henkel","2014",1,1
"1018","henkel","2017",4,4
"1019","henkel","2018",1,1
"1020","henkel","2019",1,1
"1021","heraeus kulzer","2012",1,1
"1022","herbalife america","2014",2,2
"1023","herbalife america","2016",4,4
"1024","heritage labs","2012",1,1
"1025","heritage labs","2013",2,1
"1026","heritage labs","2019",4,2
"1027","heron","2016",1,1
"1028","heron","2018",1,1
"1029","hisamitsu america","2013",1,1
"1030","hisamitsu america","2017",2,1
"1031","hitech","2010",1,1
"1032","hls therapeutics","2016",2,1
"1033","hobart","2011",1,1
"1034","hopkins","2013",1,1
"1035","horizon","1983",1,1
"1036","horizon","1996",2,2
"1037","horizon","2010",3,2
"1038","horizon","2011",1,1
"1039","horizon","2012",3,1
"1040","horizon","2013",4,3
"1041","horizon","2015",1,1
"1042","hospira","1971",5,2
"1043","hospira","1972",4,1
"1044","hospira","1975",1,1
"1045","hospira","1979",3,1
"1046","hospira","1980",5,3
"1047","hospira","1984",3,1
"1048","hospira","1985",2,2
"1049","hospira","1986",1,1
"1050","hospira","1988",3,2
"1051","hospira","1990",3,3
"1052","hospira","1991",2,1
"1053","hospira","1992",4,1
"1054","hospira","1994",1,1
"1055","hospira","1996",1,1
"1056","hospira","1999",1,1
"1057","hospira","2000",2,1
"1058","hospira","2001",1,1
"1059","hospira","2003",2,2
"1060","hospira","2004",11,9
"1061","hospira","2005",221,101
"1062","hospira","2006",51,34
"1063","hospira","2007",5,4
"1064","hospira","2008",11,10
"1065","hospira","2009",8,5
"1066","hospira","2010",12,6
"1067","hospira","2011",19,9
"1068","hospira","2012",6,3
"1069","hospira","2013",16,12
"1070","hospira","2014",17,12
"1071","hospira","2015",11,10
"1072","hospira","2016",11,8
"1073","hospira","2017",9,8
"1074","hospira","2018",8,8
"1075","hospira","2019",8,7
"1076","hudson","2018",10,8
"1077","human genome sciences","2011",2,1
"1078","human genome sciences","2012",1,1
"1079","human genome sciences","2017",1,1
"1080","hydrox","1993",1,1
"1081","hydrox","2011",4,4
"1082","hydrox","2012",3,3
"1083","hydrox","2017",2,1
"1084","hydrox","2019",3,3
"1085","icon","2014",2,1
"1086","icu","2018",1,1
"1087","icu","2019",50,19
"1088","imclone","2004",1,1
"1089","imclone","2007",1,1
"1090","imclone","2019",2,2
"1091","immunex","2003",1,1
"1092","immunex","2005",3,1
"1093","immunex","2017",2,1
"1094","immunex","2019",4,1
"1095","impax","1976",3,1
"1096","impax","1996",2,1
"1097","impax","2000",1,1
"1098","impax","2001",2,1
"1099","impax","2003",1,1
"1100","impax","2004",2,1
"1101","impax","2005",1,1
"1102","impax","2007",5,2
"1103","impax","2008",5,1
"1104","impax","2011",4,2
"1105","impax","2013",8,2
"1106","impax","2014",2,1
"1107","impax","2015",7,2
"1108","impax","2016",10,4
"1109","impax","2017",6,3
"1110","imprimis","2018",34,30
"1111","imprimis","2019",2,2
"1112","in","1989",1,1
"1113","incyte","2011",5,1
"1114","independence","2014",1,1
"1115","indiana botanic gardens","1995",1,1
"1116","indiana botanic gardens","1998",1,1
"1117","indiana botanic gardens","2001",3,3
"1118","indiana botanic gardens","2003",1,1
"1119","indiana botanic gardens","2010",1,1
"1120","indiana botanic gardens","2012",7,7
"1121","indiana botanic gardens","2013",5,5
"1122","indiana botanic gardens","2014",4,4
"1123","indiana botanic gardens","2015",16,16
"1124","indiana botanic gardens","2016",8,8
"1125","indivior","1985",1,1
"1126","indivior","2010",2,1
"1127","indivior","2012",2,1
"1128","indivior","2018",4,2
"1129","indivior","2019",4,1
"1130","indoco remedies","2015",3,2
"1131","infinity","2019",1,1
"1132","innovations","2018",1,1
"1133","innovus","2013",2,1
"1134","innovus","2018",2,2
"1135","innovus","2019",2,1
"1136","insmed","2018",1,1
"1137","insys therapeutics","2012",7,1
"1138","insys therapeutics","2017",1,1
"1139","integrated","1995",1,1
"1140","intellipharmaceutics","2016",2,1
"1141","intellipharmaceutics","2018",7,3
"1142","intercept","2016",2,1
"1143","interline brands","2012",3,3
"1144","interline brands","2017",1,1
"1145","intermed","2019",1,1
"1146","intermune","2014",1,1
"1147","intersect ent","2018",1,1
"1148","ipsen biopharmaceuticals","2006",1,1
"1149","ipsen biopharmaceuticals","2007",3,1
"1150","ipsen biopharmaceuticals","2009",2,1
"1151","ipsen biopharmaceuticals","2015",1,1
"1152","ironshore","2019",5,1
"1153","ironwood","2017",2,2
"1154","isagenix","2013",1,1
"1155","isotopes","2010",1,1
"1156","italfarmaco","2019",4,1
"1157","jakks pacific","2017",1,1
"1158","janssen biotech","1998",1,1
"1159","janssen biotech","2009",3,2
"1160","janssen biotech","2011",1,1
"1161","janssen biotech","2013",2,2
"1162","janssen biotech","2014",2,1
"1163","janssen biotech","2015",1,1
"1164","janssen biotech","2016",1,1
"1165","janssen biotech","2017",3,3
"1166","janssen biotech","2018",2,1
"1167","jazz","2002",1,1
"1168","jazz","2004",3,1
"1169","jazz","2007",1,1
"1170","jazz","2008",2,1
"1171","jazz","2010",2,1
"1172","jazz","2011",1,1
"1173","jazz","2016",1,1
"1174","jazz","2017",1,1
"1175","jazz","2019",2,1
"1176","jbc","2010",1,1
"1177","jernigan","2013",1,1
"1178","johns hopkins","2012",1,1
"1179","johnson","1975",1,1
"1180","johnson","1984",1,1
"1181","johnson","1994",1,1
"1182","johnson","1995",2,2
"1183","johnson","1999",2,2
"1184","johnson","2000",2,2
"1185","johnson","2001",4,3
"1186","johnson","2002",1,1
"1187","johnson","2003",1,1
"1188","johnson","2004",8,8
"1189","johnson","2005",3,3
"1190","johnson","2006",4,4
"1191","johnson","2007",10,8
"1192","johnson","2008",21,21
"1193","johnson","2009",43,37
"1194","johnson","2010",79,39
"1195","johnson","2011",28,26
"1196","johnson","2012",65,58
"1197","johnson","2013",50,40
"1198","johnson","2014",26,22
"1199","johnson","2015",90,66
"1200","johnson","2016",65,50
"1201","johnson","2017",46,39
"1202","johnson","2018",45,42
"1203","johnson","2019",100,96
"1204","journey","2016",1,1
"1205","jubilant hollisterstier","1941",394,143
"1206","jubilant hollisterstier","1976",2,1
"1207","jubilant hollisterstier","1977",5,2
"1208","jubilant hollisterstier","1978",6,2
"1209","jubilant hollisterstier","1979",5,5
"1210","jubilant hollisterstier","1980",1,1
"1211","jubilant hollisterstier","1982",11,11
"1212","jubilant hollisterstier","1988",6,6
"1213","jubilant hollisterstier","1992",2,2
"1214","jubilant hollisterstier","1995",5,5
"1215","jubilant hollisterstier","1998",31,9
"1216","kadmon","2019",1,1
"1217","kaiser foundation hospitals","1987",1,1
"1218","kaiser foundation hospitals","2003",1,1
"1219","kaiser foundation hospitals","2008",2,2
"1220","kaiser foundation hospitals","2010",2,2
"1221","kaiser foundation hospitals","2011",6,4
"1222","kaiser foundation hospitals","2013",3,3
"1223","kaiser foundation hospitals","2014",3,2
"1224","kaiser foundation hospitals","2015",6,5
"1225","kaiser foundation hospitals","2016",10,6
"1226","kaiser foundation hospitals","2017",4,4
"1227","kaiser foundation hospitals","2018",5,3
"1228","kaiser permanente","2012",1,1
"1229","kaiser permanente","2016",1,1
"1230","karl storz endoscopy-america","2016",1,1
"1231","karyopharm therapeutics","2019",1,1
"1232","kedrion","2011",1,1
"1233","key","2011",1,1
"1234","keystone","2018",2,1
"1235","kimberly-clark","2012",1,1
"1236","kimberly-clark","2013",1,1
"1237","kimberly-clark","2014",1,1
"1238","kimberly-clark","2015",2,2
"1239","kimberly-clark","2016",1,1
"1240","kimberly-clark","2018",6,6
"1241","kingston","2017",3,3
"1242","knowlton development","2010",1,1
"1243","knowlton development","2017",2,2
"1244","kt","2019",1,1
"1245","kythera biopharmaceuticals","2015",1,1
"1246","la jolla","2018",1,1
"1247","laboratoire aguettant","2013",1,1
"1248","laboratoire aguettant","2018",1,1
"1249","laboratoires anios","2014",1,1
"1250","laboratorio reig jofre","2019",3,1
"1251","lannett","1973",3,1
"1252","lannett","1974",1,1
"1253","lannett","1976",1,1
"1254","lannett","1978",3,3
"1255","lannett","1984",1,1
"1256","lannett","1985",1,1
"1257","lannett","1987",1,1
"1258","lannett","1988",1,1
"1259","lannett","1990",6,2
"1260","lannett","1992",1,1
"1261","lannett","1993",3,2
"1262","lannett","1994",1,1
"1263","lannett","1995",1,1
"1264","lannett","1996",2,2
"1265","lannett","1997",7,6
"1266","lannett","1998",12,6
"1267","lannett","1999",1,1
"1268","lannett","2000",11,1
"1269","lannett","2001",5,5
"1270","lannett","2002",4,3
"1271","lannett","2003",5,3
"1272","lannett","2004",1,1
"1273","lannett","2005",18,12
"1274","lannett","2006",5,3
"1275","lannett","2007",12,7
"1276","lannett","2008",14,6
"1277","lannett","2009",16,11
"1278","lannett","2010",9,5
"1279","lannett","2011",20,12
"1280","lannett","2012",8,5
"1281","lannett","2013",12,6
"1282","lannett","2014",16,9
"1283","lannett","2015",5,4
"1284","lannett","2016",16,8
"1285","lannett","2017",21,10
"1286","lannett","2018",34,8
"1287","lannett","2019",12,7
"1288","laurus labs","2018",1,1
"1289","laurus labs","2019",5,3
"1290","leaders cosmetics","2018",1,1
"1291","lewin","1990",1,1
"1292","lexicon","2017",1,1
"1293","lifetech resources","2018",1,1
"1294","lornamead","2009",1,1
"1295","lornamead","2012",4,3
"1296","lornamead","2013",2,2
"1297","lornamead","2014",1,1
"1298","loxo oncology","2018",3,1
"1299","lundbeck","2008",2,1
"1300","lundbeck","2009",2,1
"1301","lundbeck","2012",1,1
"1302","lundbeck","2013",2,1
"1303","lundbeck","2014",3,1
"1304","lvmh fragrance brands","2012",9,9
"1305","lvmh fragrance brands","2013",8,8
"1306","lvmh fragrance brands","2014",3,3
"1307","lvmh fragrance brands","2015",13,13
"1308","lvmh fragrance brands","2016",8,8
"1309","lvmh fragrance brands","2018",8,3
"1310","lvmh fragrance brands","2019",34,22
"1311","mac","2011",1,1
"1312","maesa","2018",13,13
"1313","magna","2011",2,2
"1314","mallinckrodt","2010",2,2
"1315","mallinckrodt","2012",1,1
"1316","mallinckrodt","2013",1,1
"1317","mannkind","2014",6,1
"1318","mapco express","2013",1,1
"1319","marathon","2017",5,1
"1320","marina","2015",3,1
"1321","mary kay","2012",3,3
"1322","mary kay","2013",6,6
"1323","mary kay","2014",6,6
"1324","mary kay","2016",4,4
"1325","mary kay","2017",1,1
"1326","mary kay","2018",6,6
"1327","mary kay","2019",4,4
"1328","massachusetts general hospital","2011",1,1
"1329","massachusetts general hospital","2016",1,1
"1330","matheson tri-gas","1987",6,6
"1331","matrixx initiatives","2000",1,1
"1332","matrixx initiatives","2002",2,1
"1333","matrixx initiatives","2011",2,2
"1334","matrixx initiatives","2012",1,1
"1335","matrixx initiatives","2013",1,1
"1336","matrixx initiatives","2014",1,1
"1337","matrixx initiatives","2015",2,2
"1338","matrixx initiatives","2018",1,1
"1339","matrixx initiatives","2019",5,4
"1340","mclane","2017",1,1
"1341","mclane","2018",1,1
"1342","medac","2014",9,1
"1343","medi-physics","1988",1,1
"1344","medi-physics","2008",1,1
"1345","medication","1976",1,1
"1346","medication","1979",4,1
"1347","medication","1987",1,1
"1348","medication","1988",1,1
"1349","medication","2000",3,3
"1350","medication","2001",2,2
"1351","medication","2003",1,1
"1352","medication","2012",2,2
"1353","medication","2016",2,2
"1354","medication","2018",1,1
"1355","medicines","2000",8,2
"1356","medicines","2009",4,2
"1357","medicines","2015",1,1
"1358","medicure","1998",1,1
"1359","medicure","2016",1,1
"1360","medicure","2018",5,3
"1361","medimmune","1998",1,1
"1362","medimmune","1999",1,1
"1363","medimmune","2019",1,1
"1364","medipost","2016",13,13
"1365","medtech","1999",2,2
"1366","medtech","2000",1,1
"1367","medtech","2010",8,7
"1368","medtech","2011",3,3
"1369","medtech","2012",23,18
"1370","medtech","2013",8,4
"1371","medtech","2014",5,3
"1372","medtech","2015",3,3
"1373","medtech","2016",3,2
"1374","medtech","2017",1,1
"1375","medtech","2018",4,4
"1376","medtech","2019",1,1
"1377","melinta","2013",1,1
"1378","melinta","2014",1,1
"1379","melinta","2017",3,2
"1380","memorial sloan kettering cancer center","2015",1,1
"1381","mentholatum","1983",1,1
"1382","mentholatum","1992",1,1
"1383","mentholatum","1997",1,1
"1384","mentholatum","1998",1,1
"1385","mentholatum","1999",2,1
"1386","mentholatum","2000",2,2
"1387","mentholatum","2001",1,1
"1388","mentholatum","2005",1,1
"1389","mentholatum","2007",1,1
"1390","mentholatum","2010",1,1
"1391","mentholatum","2012",5,4
"1392","mentholatum","2013",5,5
"1393","mentholatum","2014",5,4
"1394","mentholatum","2015",7,5
"1395","mentholatum","2016",11,10
"1396","mentholatum","2017",4,4
"1397","mentholatum","2018",17,17
"1398","mentholatum","2019",13,10
"1399","merck sharp&dohme","1939",1,1
"1400","merck sharp&dohme","1971",1,1
"1401","merck sharp&dohme","1975",3,1
"1402","merck sharp&dohme","1983",2,2
"1403","merck sharp&dohme","1984",1,1
"1404","merck sharp&dohme","1985",1,1
"1405","merck sharp&dohme","1986",7,2
"1406","merck sharp&dohme","1987",6,4
"1407","merck sharp&dohme","1988",1,1
"1408","merck sharp&dohme","1989",2,2
"1409","merck sharp&dohme","1991",6,2
"1410","merck sharp&dohme","1992",1,1
"1411","merck sharp&dohme","1994",1,1
"1412","merck sharp&dohme","1995",9,4
"1413","merck sharp&dohme","1996",7,3
"1414","merck sharp&dohme","1997",2,2
"1415","merck sharp&dohme","1998",9,4
"1416","merck sharp&dohme","1999",6,1
"1417","merck sharp&dohme","2001",9,5
"1418","merck sharp&dohme","2002",2,2
"1419","merck sharp&dohme","2003",6,3
"1420","merck sharp&dohme","2004",5,2
"1421","merck sharp&dohme","2005",4,2
"1422","merck sharp&dohme","2006",11,8
"1423","merck sharp&dohme","2007",3,2
"1424","merck sharp&dohme","2009",1,1
"1425","merck sharp&dohme","2010",3,2
"1426","merck sharp&dohme","2011",5,3
"1427","merck sharp&dohme","2012",4,2
"1428","merck sharp&dohme","2013",2,2
"1429","merck sharp&dohme","2014",24,13
"1430","merck sharp&dohme","2015",8,5
"1431","merck sharp&dohme","2016",4,3
"1432","merck sharp&dohme","2017",18,9
"1433","merck sharp&dohme","2018",3,3
"1434","merck sharp&dohme","2019",2,2
"1435","mercy","2009",1,1
"1436","meridian","1973",1,1
"1437","meridian","1983",1,1
"1438","meridian","1990",2,2
"1439","meridian","2002",1,1
"1440","meridian","2003",3,1
"1441","meridian","2004",1,1
"1442","meridian","2006",1,1
"1443","meridian","2011",1,1
"1444","meridian","2018",1,1
"1445","merit","2011",1,1
"1446","merit","2012",1,1
"1447","merit","2015",1,1
"1448","merz","1998",1,1
"1449","merz","2007",1,1
"1450","merz","2010",4,1
"1451","merz","2012",1,1
"1452","merz","2013",4,4
"1453","merz","2014",1,1
"1454","merz","2015",1,1
"1455","messer","1960",2,2
"1456","messer","1965",1,1
"1457","micro labs","2010",1,1
"1458","micro labs","2012",5,3
"1459","micro labs","2013",13,4
"1460","micro labs","2017",7,5
"1461","micro labs","2018",14,5
"1462","micro labs","2019",19,14
"1463","midatech","2005",1,1
"1464","midatech","2010",3,2
"1465","mj","2018",7,7
"1466","mondelez","2016",2,1
"1467","mondelez","2019",1,1
"1468","mylan","1975",2,1
"1469","mylan","1976",1,1
"1470","mylan","1977",1,1
"1471","mylan","1978",7,2
"1472","mylan","1979",1,1
"1473","mylan","1981",5,3
"1474","mylan","1982",1,1
"1475","mylan","1983",5,2
"1476","mylan","1985",12,4
"1477","mylan","1986",20,8
"1478","mylan","1987",12,4
"1479","mylan","1988",14,5
"1480","mylan","1989",5,3
"1481","mylan","1990",3,1
"1482","mylan","1991",5,4
"1483","mylan","1992",9,4
"1484","mylan","1993",10,5
"1485","mylan","1994",29,11
"1486","mylan","1995",8,6
"1487","mylan","1996",32,17
"1488","mylan","1997",42,22
"1489","mylan","1998",42,18
"1490","mylan","1999",28,12
"1491","mylan","2000",24,9
"1492","mylan","2001",13,7
"1493","mylan","2002",30,8
"1494","mylan","2003",17,6
"1495","mylan","2004",29,9
"1496","mylan","2005",17,9
"1497","mylan","2006",26,11
"1498","mylan","2007",43,17
"1499","mylan","2008",61,17
"1500","mylan","2009",38,17
"1501","mylan","2010",31,14
"1502","mylan","2011",47,26
"1503","mylan","2012",61,31
"1504","mylan","2013",68,40
"1505","mylan","2014",100,46
"1506","mylan","2015",61,29
"1507","mylan","2016",64,35
"1508","mylan","2017",61,35
"1509","mylan","2018",113,66
"1510","mylan","2019",95,50
"1511","mylan specialty","1987",2,2
"1512","mylan specialty","2006",3,1
"1513","mylan specialty","2007",1,1
"1514","mylan specialty","2016",2,1
"1515","mylan specialty","2018",4,4
"1516","mylan specialty","2019",1,1
"1517","nabriva therapeutics","2019",3,2
"1518","nanophase","2018",2,2
"1519","nanophase","2019",14,13
"1520","nash-finch","1995",2,2
"1521","natren","2012",1,1
"1522","natren","2016",1,1
"1523","natural wonders","2013",1,1
"1524","nature","2017",4,4
"1525","nature","2019",5,5
"1526","natures bounty","2019",2,2
"1527","naturesun","2010",1,1
"1528","navarro discount pharmacies","2010",1,1
"1529","navarro discount pharmacies","2017",2,2
"1530","nch","2014",3,3
"1531","nch","2016",1,1
"1532","neomed","2018",2,1
"1533","neos therapeutics","2016",6,1
"1534","neoteric cosmetics","2000",1,1
"1535","neoteric cosmetics","2005",1,1
"1536","neoteric cosmetics","2006",1,1
"1537","neoteric cosmetics","2009",1,1
"1538","neoteric cosmetics","2016",1,1
"1539","neoteric cosmetics","2017",1,1
"1540","neoteric cosmetics","2019",1,1
"1541","neutrogena","2011",2,2
"1542","neutrogena","2012",13,6
"1543","neutrogena","2013",11,3
"1544","neutrogena","2014",8,1
"1545","new avon","2009",2,2
"1546","new avon","2010",4,4
"1547","new avon","2011",5,4
"1548","new avon","2012",22,22
"1549","new avon","2013",11,9
"1550","new avon","2014",3,3
"1551","new avon","2015",4,3
"1552","new avon","2016",1,1
"1553","new avon","2017",7,7
"1554","new york blood center","2011",1,1
"1555","newmarket","2014",1,1
"1556","newmarket","2017",1,1
"1557","nichols","2006",1,1
"1558","nielsen","1995",1,1
"1559","nielsen","2011",1,1
"1560","noble","2018",5,3
"1561","north central","2010",1,1
"1562","north coast","1998",1,1
"1563","northstar radioisotopes","2018",1,1
"1564","nova","2014",1,1
"1565","novartis","1955",3,1
"1566","novartis","1968",2,2
"1567","novartis","1983",2,1
"1568","novartis","1987",1,1
"1569","novartis","1988",3,1
"1570","novartis","1990",2,1
"1571","novartis","1995",7,2
"1572","novartis","1996",3,1
"1573","novartis","1997",2,2
"1574","novartis","1998",5,2
"1575","novartis","1999",6,2
"1576","novartis","2000",10,4
"1577","novartis","2001",11,5
"1578","novartis","2002",4,1
"1579","novartis","2003",3,1
"1580","novartis","2004",2,1
"1581","novartis","2005",11,2
"1582","novartis","2006",2,1
"1583","novartis","2007",12,5
"1584","novartis","2008",2,1
"1585","novartis","2009",13,8
"1586","novartis","2010",7,3
"1587","novartis","2011",1,1
"1588","novartis","2012",6,2
"1589","novartis","2013",1,1
"1590","novartis","2014",7,3
"1591","novartis","2015",10,4
"1592","novartis","2016",18,10
"1593","novartis","2017",15,7
"1594","novartis","2018",4,4
"1595","novartis","2019",9,6
"1596","novimmune","2018",2,1
"1597","novo","1991",3,1
"1598","novo","2000",3,1
"1599","novo","2001",7,5
"1600","novo","2002",2,2
"1601","novo","2003",2,2
"1602","novo","2005",3,2
"1603","novo","2006",2,2
"1604","novo","2008",3,1
"1605","novo","2009",1,1
"1606","novo","2010",3,3
"1607","novo","2012",4,1
"1608","novo","2013",3,3
"1609","novo","2014",1,1
"1610","novo","2015",8,2
"1611","novo","2016",1,1
"1612","novo","2017",7,3
"1613","novo","2018",3,3
"1614","novo","2019",10,3
"1615","nutraclick","2015",2,1
"1616","nutraclick","2018",1,1
"1617","oasis","2018",1,1
"1618","obagi","1973",1,1
"1619","obagi","1974",1,1
"1620","obagi","1984",1,1
"1621","obagi","1988",3,3
"1622","obagi","2002",1,1
"1623","obagi","2004",2,2
"1624","obagi","2007",4,4
"1625","obagi","2010",3,2
"1626","obagi","2012",3,3
"1627","obagi","2013",1,1
"1628","obagi","2014",3,3
"1629","obagi","2015",1,1
"1630","obagi","2019",7,7
"1631","octapharma","2004",2,1
"1632","octapharma","2006",3,1
"1633","octapharma","2009",1,1
"1634","octapharma","2013",4,1
"1635","octapharma","2016",4,1
"1636","octapharma","2017",4,2
"1637","octapharma","2018",1,1
"1638","octapharma","2019",1,1
"1639","ocular therapeutix","2019",1,1
"1640","oculus","2003",1,1
"1641","oculus","2009",1,1
"1642","oculus","2015",4,3
"1643","oculus","2016",1,1
"1644","omax","2019",1,1
"1645","omeros","2014",1,1
"1646","onyx","2012",1,1
"1647","onyx","2016",1,1
"1648","onyx","2018",1,1
"1649","opko","2016",1,1
"1650","optinose","2017",1,1
"1651","oralabs","2000",1,1
"1652","oralabs","2013",3,3
"1653","oralabs","2014",1,1
"1654","oralabs","2017",3,2
"1655","oralabs","2018",1,1
"1656","oralabs","2019",1,1
"1657","orapharma","2011",1,1
"1658","orexo","2013",4,1
"1659","orexo","2014",2,1
"1660","organon","1976",1,1
"1661","organon","1989",1,1
"1662","organon","1990",1,1
"1663","organon","1996",2,1
"1664","organon","1997",1,1
"1665","organon","1999",1,1
"1666","organon","2001",4,2
"1667","organon","2004",3,1
"1668","organon","2013",1,1
"1669","organon","2018",2,1
"1670","origins natural resources","2010",1,1
"1671","origins natural resources","2011",1,1
"1672","origins natural resources","2012",1,1
"1673","origins natural resources","2013",2,2
"1674","origins natural resources","2016",1,1
"1675","origins natural resources","2017",4,4
"1676","origins natural resources","2019",2,2
"1677","otonomy","2016",1,1
"1678","otsuka america","1999",1,1
"1679","otsuka america","2002",6,1
"1680","otsuka america","2004",1,1
"1681","otsuka america","2006",4,2
"1682","otsuka america","2009",2,1
"1683","otsuka america","2013",2,1
"1684","otsuka america","2014",2,1
"1685","otsuka america","2015",7,2
"1686","otsuka america","2018",11,3
"1687","owens&minor distribution","2017",2,2
"1688","owens&minor distribution","2019",9,8
"1689","oxford","2019",2,1
"1690","pacific","1997",6,5
"1691","pacific","1998",1,1
"1692","pacific","2013",1,1
"1693","pacific","2015",2,2
"1694","pacific","2017",3,2
"1695","pacific shore","2019",1,1
"1696","pacira","2012",1,1
"1697","pacira","2016",1,1
"1698","packaging","2004",8,3
"1699","packaging","2005",4,2
"1700","packaging","2006",4,3
"1701","packaging","2007",9,5
"1702","packaging","2008",26,13
"1703","packaging","2009",26,20
"1704","packaging","2010",25,15
"1705","packaging","2011",18,12
"1706","packaging","2012",23,13
"1707","packaging","2013",43,28
"1708","packaging","2014",86,53
"1709","packaging","2015",81,53
"1710","packaging","2016",32,27
"1711","packaging","2017",56,31
"1712","packaging","2018",52,35
"1713","packaging","2019",86,48
"1714","palmetto","2013",1,1
"1715","par","1947",1,1
"1716","par","1953",1,1
"1717","par","1971",1,1
"1718","par","1979",2,1
"1719","par","1981",3,2
"1720","par","1983",8,3
"1721","par","1984",1,1
"1722","par","1985",1,1
"1723","par","1986",1,1
"1724","par","1987",1,1
"1725","par","1988",9,4
"1726","par","1989",2,1
"1727","par","1995",2,1
"1728","par","1996",2,2
"1729","par","1997",12,7
"1730","par","1998",6,3
"1731","par","1999",3,3
"1732","par","2000",8,3
"1733","par","2001",4,3
"1734","par","2002",7,4
"1735","par","2003",12,7
"1736","par","2004",11,6
"1737","par","2005",15,8
"1738","par","2006",20,13
"1739","par","2007",24,11
"1740","par","2008",12,7
"1741","par","2009",18,8
"1742","par","2010",18,8
"1743","par","2011",24,12
"1744","par","2012",20,11
"1745","par","2013",30,15
"1746","par","2014",18,12
"1747","par","2015",41,18
"1748","par","2016",35,19
"1749","par","2017",41,22
"1750","par","2018",17,9
"1751","par","2019",29,15
"1752","paratek","2019",2,1
"1753","parthenon","2018",2,1
"1754","paxvax","2016",1,1
"1755","paxvax","2019",1,1
"1756","pbm","2011",1,1
"1757","peninsula","2008",1,1
"1758","performance food","2010",3,2
"1759","pernix","2010",2,1
"1760","pernix","2013",2,1
"1761","perrigo","1996",1,1
"1762","perrigo","2003",1,1
"1763","perrigo","2004",2,2
"1764","perrigo","2005",2,2
"1765","perrigo","2006",29,16
"1766","perrigo","2007",4,4
"1767","perrigo","2008",17,15
"1768","perrigo","2009",5,5
"1769","perrigo","2010",13,11
"1770","perrigo","2011",14,14
"1771","perrigo","2012",9,8
"1772","perrigo","2013",8,7
"1773","perrigo","2014",20,14
"1774","perrigo","2015",6,5
"1775","perrigo","2016",18,8
"1776","perrigo","2017",9,9
"1777","perrigo","2018",7,6
"1778","perrigo","2019",6,5
"1779","peter thomas roth labs","2013",1,1
"1780","petnet solutions","2007",1,1
"1781","petnet solutions","2008",1,1
"1782","petnet solutions","2011",1,1
"1783","pfizer","1948",2,1
"1784","pfizer","1952",3,1
"1785","pfizer","1953",3,2
"1786","pfizer","1955",1,1
"1787","pfizer","1956",3,1
"1788","pfizer","1958",1,1
"1789","pfizer","1963",1,1
"1790","pfizer","1967",2,2
"1791","pfizer","1968",1,1
"1792","pfizer","1973",1,1
"1793","pfizer","1974",1,1
"1794","pfizer","1977",3,1
"1795","pfizer","1981",1,1
"1796","pfizer","1987",5,1
"1797","pfizer","1989",4,2
"1798","pfizer","1991",4,1
"1799","pfizer","1992",3,1
"1800","pfizer","1994",7,4
"1801","pfizer","1995",8,2
"1802","pfizer","1996",2,2
"1803","pfizer","1997",2,1
"1804","pfizer","1998",3,1
"1805","pfizer","1999",4,2
"1806","pfizer","2000",2,1
"1807","pfizer","2001",12,2
"1808","pfizer","2002",2,2
"1809","pfizer","2004",15,4
"1810","pfizer","2005",2,2
"1811","pfizer","2006",6,2
"1812","pfizer","2008",3,2
"1813","pfizer","2009",7,2
"1814","pfizer","2011",7,3
"1815","pfizer","2012",12,10
"1816","pfizer","2013",10,3
"1817","pfizer","2014",6,4
"1818","pfizer","2015",11,2
"1819","pfizer","2016",3,3
"1820","pfizer","2017",2,2
"1821","pfizer","2018",20,9
"1822","pfizer","2019",17,6
"1823","pharmacare","2013",2,2
"1824","pharmacare","2018",1,1
"1825","pharmaceutics","2017",1,1
"1826","pharmaceutics","2019",1,1
"1827","pharmacyclics","2013",1,1
"1828","pharmacyclics","2017",1,1
"1829","pharmacyclics","2018",4,1
"1830","pharmascience","2017",1,1
"1831","pharmascience","2018",1,1
"1832","pharming","2018",1,1
"1833","phebra","2017",1,1
"1834","phi","2012",1,1
"1835","phillips","2013",1,1
"1836","phillips","2014",1,1
"1837","photocure","2018",1,1
"1838","pierrel","2011",2,1
"1839","pinnacle biologics","1995",1,1
"1840","plus","2018",1,1
"1841","portola","2017",2,1
"1842","portola","2018",1,1
"1843","portola","2019",1,1
"1844","praxair","2013",3,3
"1845","premier","1993",1,1
"1846","prescriptives","2004",1,1
"1847","prestige","2009",14,8
"1848","prestige","2010",13,12
"1849","prestige","2011",8,7
"1850","prestige","2012",7,6
"1851","prestige","2013",2,2
"1852","prestige","2014",2,2
"1853","prestige","2015",3,3
"1854","prestige","2017",4,3
"1855","prestige","2018",3,2
"1856","prestige","2019",1,1
"1857","pride","2017",1,1
"1858","primecare","2014",1,1
"1859","procaps","2019",1,1
"1860","professional","2010",1,1
"1861","profoot","2012",2,1
"1862","profoot","2017",1,1
"1863","profoot","2018",3,2
"1864","profoot","2019",1,1
"1865","progenics","2018",1,1
"1866","prophase labs","2013",1,1
"1867","prostrakan","2011",1,1
"1868","ptc therapeutics","2018",5,1
"1869","puma biotechnology","2017",1,1
"1870","puretek","2010",1,1
"1871","puretek","2011",9,3
"1872","puretek","2015",8,8
"1873","puretek","2016",16,16
"1874","puretek","2017",10,10
"1875","puretek","2018",8,8
"1876","puretek","2019",9,9
"1877","r","2016",2,1
"1878","radius","2017",1,1
"1879","ranir","2013",1,1
"1880","ranir","2016",1,1
"1881","ranir","2019",1,1
"1882","recipe","2017",2,2
"1883","red mountain","2015",1,1
"1884","reddy","2005",2,1
"1885","reddy","2011",1,1
"1886","reddy","2012",1,1
"1887","reddy","2014",1,1
"1888","reddy","2017",2,1
"1889","regeneron","2008",1,1
"1890","regeneron","2011",1,1
"1891","regeneron","2018",1,1
"1892","regent","1990",19,13
"1893","regent","1992",2,1
"1894","regent","1993",6,4
"1895","regent","1994",3,3
"1896","regent","1995",6,2
"1897","regent","1996",2,2
"1898","regent","1997",1,1
"1899","regent","1999",1,1
"1900","regent","2000",1,1
"1901","regent","2001",1,1
"1902","regent","2003",3,3
"1903","regent","2007",2,2
"1904","regent","2008",3,1
"1905","regent","2010",5,4
"1906","regent","2011",3,3
"1907","regent","2012",1,1
"1908","regent","2013",1,1
"1909","regent","2014",1,1
"1910","regent","2015",1,1
"1911","regent","2016",1,1
"1912","regent","2017",3,3
"1913","regent","2018",6,5
"1914","regent","2019",9,7
"1915","reliance","2017",2,1
"1916","relypsa","2015",3,1
"1917","renaissance","2014",5,4
"1918","renaissance","2015",1,1
"1919","renaissance","2016",3,2
"1920","renaissance","2017",1,1
"1921","retrophin","2015",3,2
"1922","rexall sundown","2017",1,1
"1923","rhodes","2009",3,1
"1924","rhodes","2012",3,2
"1925","rhodes","2014",8,2
"1926","rhodes","2015",7,1
"1927","rhodes","2016",4,2
"1928","rhodes","2017",26,7
"1929","rhodes","2018",9,3
"1930","rhodes","2019",6,1
"1931","rigel","2018",2,1
"1932","ritedose","2011",2,2
"1933","ritedose","2012",1,1
"1934","ritedose","2016",3,1
"1935","roche","1963",3,1
"1936","rochester midland","2004",1,1
"1937","rochester midland","2017",1,1
"1938","rochester midland","2019",1,1
"1939","rockwell","2015",2,2
"1940","rockwell","2016",1,1
"1941","ross","2015",4,4
"1942","ross","2017",14,14
"1943","ross","2018",2,2
"1944","ross","2019",32,32
"1945","royal","1995",2,1
"1946","royal","2005",1,1
"1947","royal","2018",1,1
"1948","s","2012",1,1
"1949","s","2015",8,8
"1950","s","2017",10,10
"1951","sa","2015",1,1
"1952","sa","2017",1,1
"1953","sa","2018",4,2
"1954","sa","2019",2,2
"1955","sage therapeutics","2019",1,1
"1956","sagent","2008",6,3
"1957","sagent","2009",11,7
"1958","sagent","2010",10,5
"1959","sagent","2011",7,4
"1960","sagent","2012",20,9
"1961","sagent","2013",17,9
"1962","sagent","2014",21,15
"1963","sagent","2015",16,9
"1964","sagent","2016",8,5
"1965","sagent","2017",17,10
"1966","sagent","2018",19,15
"1967","sagent","2019",13,9
"1968","salix","1962",1,1
"1969","salix","1984",1,1
"1970","salix","1987",1,1
"1971","salix","2000",1,1
"1972","salix","2003",2,1
"1973","salix","2004",4,4
"1974","salix","2006",2,2
"1975","salix","2008",4,2
"1976","salix","2010",1,1
"1977","salix","2012",1,1
"1978","salix","2014",1,1
"1979","salix","2017",1,1
"1980","salix","2018",1,1
"1981","sanofi","1975",1,1
"1982","sanofi","1991",1,1
"1983","sanofi","1994",1,1
"1984","sanofi","1996",1,1
"1985","sanofi","1997",1,1
"1986","sanofi","1998",3,1
"1987","sanofi","2009",7,7
"1988","sanofi","2011",1,1
"1989","sanofi","2012",2,1
"1990","sanofi","2013",1,1
"1991","sanofi","2014",1,1
"1992","sanofi","2017",9,5
"1993","sanofi","2018",1,1
"1994","sanofi","2019",3,2
"1995","sanofi pasteur","1953",2,2
"1996","sanofi pasteur","1956",1,1
"1997","sanofi pasteur","1980",1,1
"1998","sanofi pasteur","1984",1,1
"1999","sanofi pasteur","1990",1,1
"2000","sanofi pasteur","1993",1,1
"2001","sanofi pasteur","1994",1,1
"2002","sanofi pasteur","2002",1,1
"2003","sanofi pasteur","2005",2,2
"2004","sanofi pasteur","2008",1,1
"2005","sanofi pasteur","2010",2,2
"2006","sanofi pasteur","2015",1,1
"2007","sanofi pasteur","2016",1,1
"2008","sanofi pasteur","2019",8,6
"2009","sanofi-aventis","1971",1,1
"2010","sanofi-aventis","1981",1,1
"2011","sanofi-aventis","1989",1,1
"2012","sanofi-aventis","1993",18,2
"2013","sanofi-aventis","2002",1,1
"2014","sanofi-aventis","2005",2,1
"2015","sanofi-aventis","2006",1,1
"2016","sanofi-aventis","2009",3,1
"2017","sanofi-aventis","2010",3,2
"2018","sanofi-aventis","2011",1,1
"2019","sanofi-aventis","2013",6,3
"2020","sanofi-aventis","2015",6,3
"2021","sanofi-aventis","2016",3,2
"2022","sanofi-aventis","2017",6,4
"2023","sanofi-aventis","2018",1,1
"2024","santarus","2013",1,1
"2025","sarepta therapeutics","2016",2,1
"2026","savior lifetec","2016",2,1
"2027","savior lifetec","2019",1,1
"2028","school","2012",1,1
"2029","schryver sales marketing","1993",1,1
"2030","sci","2014",1,1
"2031","scios","2001",1,1
"2032","scope","2019",1,1
"2033","scripsamerica","2004",1,1
"2034","scripsamerica","2005",2,1
"2035","scripsamerica","2014",1,1
"2036","seattle genetics","2011",1,1
"2037","select","2012",7,7
"2038","select","2014",1,1
"2039","sepracor","2005",4,2
"2040","sepracor","2007",1,1
"2041","sepracor","2010",2,1
"2042","sepracor","2011",2,2
"2043","sepracor","2012",1,1
"2044","sepracor","2013",1,1
"2045","sepracor","2014",5,1
"2046","sepracor","2015",1,1
"2047","sepracor","2017",1,1
"2048","sepracor","2018",2,1
"2049","service","2010",1,1
"2050","servier","2019",1,1
"2051","sgs","2017",1,1
"2052","shaklee","2013",5,4
"2053","shaklee","2017",7,7
"2054","shionogi","2004",2,1
"2055","shionogi","2007",1,1
"2056","shionogi","2010",1,1
"2057","shionogi","2013",1,1
"2058","shionogi","2018",1,1
"2059","shire","1993",1,1
"2060","shire","1997",3,2
"2061","shire","1999",1,1
"2062","shire","2001",3,1
"2063","shire","2002",3,1
"2064","shire","2004",2,2
"2065","shire","2005",2,1
"2066","shire","2006",1,1
"2067","shire","2007",7,2
"2068","shire","2009",5,1
"2069","shire","2010",1,1
"2070","shire","2011",1,1
"2071","shire","2012",3,1
"2072","shire","2014",3,2
"2073","shire","2015",4,1
"2074","shire","2016",1,1
"2075","shire","2017",11,3
"2076","shire","2018",2,1
"2077","shire","2019",1,1
"2078","shiseido","2008",11,1
"2079","shiseido","2012",20,1
"2080","shiseido americas","2013",19,2
"2081","shiseido americas","2014",83,13
"2082","shiseido americas","2015",8,7
"2083","shiseido americas","2016",26,4
"2084","shiseido americas","2017",58,16
"2085","shiseido americas","2018",44,11
"2086","shiseido americas","2019",15,8
"2087","shopko stores","2011",1,1
"2088","sientra","2016",2,1
"2089","sientra","2017",2,1
"2090","siga","2018",1,1
"2091","silver star brands","2016",1,1
"2092","silver star brands","2017",3,3
"2093","silver star brands","2018",8,8
"2094","silver star brands","2019",12,12
"2095","silvergate","2013",1,1
"2096","silvergate","2016",2,2
"2097","silvergate","2017",1,1
"2098","silvergate","2019",1,1
"2099","similasan","1985",1,1
"2100","similasan","2003",1,1
"2101","similasan","2005",1,1
"2102","similasan","2007",1,1
"2103","similasan","2010",1,1
"2104","similasan","2011",1,1
"2105","similasan","2013",17,17
"2106","similasan","2014",6,6
"2107","similasan","2015",4,4
"2108","similasan","2016",2,2
"2109","similasan","2017",11,11
"2110","similasan","2018",5,5
"2111","similasan","2019",6,6
"2112","sina","1972",1,1
"2113","sina","1976",1,1
"2114","sina","1987",1,1
"2115","sina","2000",1,1
"2116","sina","2005",1,1
"2117","sina","2007",1,1
"2118","sina","2010",2,1
"2119","sina","2011",1,1
"2120","sina","2016",1,1
"2121","skinmedica","2009",1,1
"2122","sky","1990",1,1
"2123","sky","2018",2,2
"2124","sloan valve","2015",1,1
"2125","smart","2012",6,4
"2126","smart","2013",7,7
"2127","softech","2013",1,1
"2128","solco biomedical","2018",3,3
"2129","solstice neurosciences","2000",3,1
"2130","solutions","2013",1,1
"2131","source naturals","2014",1,1
"2132","source naturals","2015",3,3
"2133","source naturals","2016",3,3
"2134","source naturals","2018",3,3
"2135","southern gas","2011",1,1
"2136","sovereign","2014",1,1
"2137","spark therapeutics","2017",1,1
"2138","spartan chemical","2014",3,3
"2139","spartan chemical","2015",2,2
"2140","spartan chemical","2019",4,4
"2141","spectra devices","2017",2,1
"2142","spectra devices","2018",1,1
"2143","spectrum","2002",1,1
"2144","spectrum","2014",1,1
"2145","spectrum","2016",1,1
"2146","spectrum","2019",2,1
"2147","sport","2018",1,1
"2148","sprout","2015",1,1
"2149","standard homeopathic","1997",164,99
"2150","staples","2006",2,2
"2151","staples","2007",1,1
"2152","staples","2015",2,2
"2153","staples","2017",1,1
"2154","staples","2019",2,2
"2155","staples office superstore","2016",1,1
"2156","stemline therapeutics","2019",1,1
"2157","sterimax","2019",2,1
"2158","steris","2014",1,1
"2159","strongbridge","2015",1,1
"2160","strongbridge","2018",1,1
"2161","sunstar americas","2006",1,1
"2162","sunstar americas","2013",1,1
"2163","sunstar americas","2015",1,1
"2164","sunstar americas","2018",3,3
"2165","sunstar americas","2019",1,1
"2166","super","2005",1,1
"2167","supernus","2013",7,2
"2168","suven life sciences","2014",1,1
"2169","swallowfield","2010",1,1
"2170","swallowfield","2014",1,1
"2171","swallowfield","2016",2,2
"2172","swedish orphan biovitrum","2016",4,1
"2173","synergy","2017",1,1
"2174","t","2018",5,5
"2175","t","2019",6,5
"2176","takeda america","1995",2,1
"2177","takeda america","1997",1,1
"2178","takeda america","1999",3,1
"2179","takeda america","2002",2,1
"2180","takeda america","2005",3,2
"2181","takeda america","2006",4,2
"2182","takeda america","2009",3,2
"2183","takeda america","2010",4,2
"2184","takeda america","2013",14,4
"2185","takeda america","2014",1,1
"2186","talon therapeutics","2013",1,1
"2187","tarmac","1966",1,1
"2188","taro","1981",1,1
"2189","taro","1982",1,1
"2190","taro","1984",1,1
"2191","taro","1985",2,2
"2192","taro","1986",2,2
"2193","taro","1987",1,1
"2194","taro","1988",3,3
"2195","taro","1989",3,2
"2196","taro","1990",5,3
"2197","taro","1991",1,1
"2198","taro","1992",3,3
"2199","taro","1993",3,3
"2200","taro","1994",2,2
"2201","taro","1995",5,4
"2202","taro","1996",11,6
"2203","taro","1997",5,4
"2204","taro","1998",8,5
"2205","taro","1999",13,5
"2206","taro","2000",12,7
"2207","taro","2001",11,6
"2208","taro","2002",4,4
"2209","taro","2003",10,6
"2210","taro","2004",19,13
"2211","taro","2005",17,14
"2212","taro","2006",5,5
"2213","taro","2007",7,5
"2214","taro","2008",2,2
"2215","taro","2009",13,6
"2216","taro","2010",9,6
"2217","taro","2011",10,7
"2218","taro","2012",4,4
"2219","taro","2013",14,9
"2220","taro","2014",8,8
"2221","taro","2015",6,5
"2222","taro","2016",13,10
"2223","taro","2017",17,12
"2224","taro","2018",9,6
"2225","taro","2019",22,11
"2226","tdc","2017",5,5
"2227","technology","2016",4,4
"2228","teligent","2012",6,2
"2229","teligent","2013",1,1
"2230","teligent","2014",2,2
"2231","teligent","2015",2,2
"2232","teligent","2016",9,7
"2233","teligent","2017",13,10
"2234","teligent","2018",17,16
"2235","teligent","2019",5,5
"2236","tender","2003",1,1
"2237","tender","2011",1,1
"2238","tender","2012",3,3
"2239","tender","2014",5,5
"2240","tender","2015",5,5
"2241","tender","2016",1,1
"2242","tender","2017",1,1
"2243","tender","2018",4,4
"2244","tender","2019",7,7
"2245","terraboost media","2013",1,1
"2246","terraboost media","2015",2,2
"2247","terraboost media","2016",1,1
"2248","terraboost media","2017",2,2
"2249","terraboost media","2018",1,1
"2250","terumo","2009",4,2
"2251","terumo","2010",9,5
"2252","terumo","2012",1,1
"2253","terumo","2019",1,1
"2254","tesaro","2015",1,1
"2255","tesaro","2017",1,1
"2256","tetra","2012",2,2
"2257","tetra","2018",2,2
"2258","tetraphase","2018",1,1
"2259","teva","1972",2,1
"2260","teva","1973",1,1
"2261","teva","1976",2,1
"2262","teva","1980",1,1
"2263","teva","1984",6,2
"2264","teva","1986",3,1
"2265","teva","1988",3,2
"2266","teva","1989",1,1
"2267","teva","1990",49,22
"2268","teva","1991",1,1
"2269","teva","1992",3,3
"2270","teva","1993",4,4
"2271","teva","1994",2,1
"2272","teva","1995",20,9
"2273","teva","1996",9,5
"2274","teva","1997",11,6
"2275","teva","1998",9,7
"2276","teva","1999",5,3
"2277","teva","2000",13,5
"2278","teva","2001",15,9
"2279","teva","2002",21,12
"2280","teva","2003",33,16
"2281","teva","2004",16,10
"2282","teva","2005",25,11
"2283","teva","2006",17,8
"2284","teva","2007",34,14
"2285","teva","2008",10,5
"2286","teva","2009",7,5
"2287","teva","2010",15,8
"2288","teva","2011",15,9
"2289","teva","2012",43,16
"2290","teva","2013",22,11
"2291","teva","2014",35,15
"2292","teva","2015",52,20
"2293","teva","2016",31,15
"2294","teva","2017",41,17
"2295","teva","2018",29,17
"2296","teva","2019",46,26
"2297","teva neuroscience","2006",2,1
"2298","teva neuroscience","2008",1,1
"2299","teva neuroscience","2014",1,1
"2300","teva neuroscience","2017",3,1
"2301","teva parenteral medicines","1991",4,2
"2302","teva parenteral medicines","1993",2,1
"2303","teva parenteral medicines","1994",1,1
"2304","teva parenteral medicines","1996",3,2
"2305","teva parenteral medicines","1997",4,3
"2306","teva parenteral medicines","1998",1,1
"2307","teva parenteral medicines","1999",9,2
"2308","teva parenteral medicines","2000",4,2
"2309","teva parenteral medicines","2002",6,3
"2310","teva parenteral medicines","2003",5,3
"2311","teva parenteral medicines","2004",2,2
"2312","teva parenteral medicines","2005",7,2
"2313","teva parenteral medicines","2006",9,3
"2314","teva parenteral medicines","2007",2,1
"2315","teva parenteral medicines","2008",4,3
"2316","teva parenteral medicines","2009",2,1
"2317","teva parenteral medicines","2011",3,1
"2318","teva parenteral medicines","2012",3,1
"2319","teva parenteral medicines","2013",4,3
"2320","teva parenteral medicines","2014",6,2
"2321","teva parenteral medicines","2015",9,5
"2322","teva parenteral medicines","2016",5,3
"2323","teva parenteral medicines","2018",5,3
"2324","teva parenteral medicines","2019",7,2
"2325","teva womens","1990",3,1
"2326","teva womens","1993",3,1
"2327","teva womens","2000",2,2
"2328","teva womens","2001",7,2
"2329","teva womens","2003",1,1
"2330","teva womens","2004",1,1
"2331","teva womens","2006",3,3
"2332","teva womens","2009",1,1
"2333","teva womens","2011",1,1
"2334","teva womens","2013",3,2
"2335","teva womens","2014",3,3
"2336","teva womens","2015",4,2
"2337","ther-rx","2009",2,2
"2338","therakos","1999",1,1
"2339","therapeuticsmd","2018",2,1
"2340","therapeuticsmd","2019",2,2
"2341","theratechnologies","2014",1,1
"2342","theratechnologies","2018",1,1
"2343","theratechnologies","2019",1,1
"2344","theravance","2009",2,1
"2345","titan","2016",1,1
"2346","town","2016",1,1
"2347","trader joes","2017",2,2
"2348","trader joes","2018",2,2
"2349","trader joes","2019",4,4
"2350","tristrata","2017",1,1
"2351","triumph","2011",1,1
"2352","triumph","2015",2,1
"2353","triumph","2018",4,3
"2354","trividia","2015",2,2
"2355","trividia","2016",2,2
"2356","twincraft","2015",9,9
"2357","ucb","2000",4,1
"2358","ucb","2003",1,1
"2359","ucb","2006",1,1
"2360","ucb","2008",2,2
"2361","ucb","2009",8,3
"2362","ucb","2010",1,1
"2363","ucb","2012",7,1
"2364","ucb","2016",7,1
"2365","ucb","2019",1,1
"2366","uline","2015",1,1
"2367","uline","2016",1,1
"2368","uline","2017",1,1
"2369","uline","2018",1,1
"2370","uline","2019",6,4
"2371","ultragenyx","2017",1,1
"2372","ultragenyx","2018",3,1
"2373","unit_ther","2009",1,1
"2374","unit_ther","2013",5,1
"2375","unit_ther","2015",1,1
"2376","united","2018",1,1
"2377","united airlines","2013",1,1
"2378","united-guardian","1955",1,1
"2379","united-guardian","2016",1,1
"2380","universal companies","2012",1,1
"2381","usana sciences","2012",1,1
"2382","usana sciences","2017",2,1
"2383","validus","1942",2,1
"2384","validus","1959",1,1
"2385","validus","1964",6,1
"2386","validus","1976",1,1
"2387","validus","1978",3,1
"2388","validus","1983",3,1
"2389","validus","1991",3,1
"2390","validus","1992",3,1
"2391","validus","1997",2,1
"2392","validus","2004",3,1
"2393","validus","2009",3,1
"2394","validus","2014",4,2
"2395","validus","2018",1,1
"2396","valley","2018",1,1
"2397","vanda","2014",1,1
"2398","vanda","2015",3,1
"2399","vanda","2016",5,1
"2400","vanda","2018",3,1
"2401","verastem","2018",2,1
"2402","vericel","2017",1,1
"2403","verio","2010",1,1
"2404","vertex","2012",1,1
"2405","vertex","2015",3,2
"2406","vertex","2016",1,1
"2407","vertex","2018",3,2
"2408","vertex","2019",3,3
"2409","vi","2019",1,1
"2410","viropharma","2008",1,1
"2411","vista","1997",1,1
"2412","vista","2006",2,1
"2413","vivus","2012",4,1
"2414","wallace","2010",2,2
"2415","wallace","2011",3,1
"2416","wallace","2015",2,2
"2417","wallace","2016",4,2
"2418","waters","2013",1,1
"2419","weis markets","2013",2,2
"2420","wella","2014",4,4
"2421","wella","2016",3,1
"2422","wellspring","1999",2,1
"2423","wellspring","2008",1,1
"2424","wellspring","2009",2,2
"2425","wellspring","2010",1,1
"2426","wellspring","2014",1,1
"2427","wellspring","2015",2,2
"2428","wellspring","2017",1,1
"2429","wellspring","2018",1,1
"2430","wellstat therapeutics","2015",1,1
"2431","wellstat therapeutics","2016",1,1
"2432","woodward","2017",2,2
"2433","woodward","2018",7,6
"2434","ww grainger","2007",2,2
"2435","ww grainger","2008",1,1
"2436","ww grainger","2009",1,1
"2437","ww grainger","2014",2,1
"2438","ww grainger","2015",1,1
"2439","wyeth","1984",4,1
"2440","x labs","2009",2,1
"2441","xiamen","2017",1,1
"2442","xl","2017",1,1
"2443","young living essential oils","2017",1,1
"2444","young living essential oils","2018",1,1
"2445","zoom","2016",1,1
"2446",NA,"1900",21,9
"2447",NA,"1907",1,1
"2448",NA,"1919",3,3
"2449",NA,"1925",1,1
"2450",NA,"1929",1,1
"2451",NA,"1936",3,1
"2452",NA,"1937",3,3
"2453",NA,"1938",3,2
"2454",NA,"1939",1,1
"2455",NA,"1940",19,10
"2456",NA,"1941",1,1
"2457",NA,"1942",25,11
"2458",NA,"1943",1,1
"2459",NA,"1944",1,1
"2460",NA,"1946",2,2
"2461",NA,"1947",3,2
"2462",NA,"1948",5,2
"2463",NA,"1949",7,4
"2464",NA,"1950",5,4
"2465",NA,"1952",8,4
"2466",NA,"1953",6,6
"2467",NA,"1954",8,7
"2468",NA,"1955",69,34
"2469",NA,"1956",16,14
"2470",NA,"1957",9,4
"2471",NA,"1958",14,9
"2472",NA,"1959",55,19
"2473",NA,"1960",29,16
"2474",NA,"1961",2,2
"2475",NA,"1962",2,2
"2476",NA,"1963",35,15
"2477",NA,"1964",12,8
"2478",NA,"1965",14,10
"2479",NA,"1966",28,16
"2480",NA,"1967",19,14
"2481",NA,"1968",30,17
"2482",NA,"1969",9,5
"2483",NA,"1970",25,19
"2484",NA,"1971",67,21
"2485",NA,"1972",89,30
"2486",NA,"1973",60,18
"2487",NA,"1974",226,214
"2488",NA,"1975",58,26
"2489",NA,"1976",55,28
"2490",NA,"1977",61,19
"2491",NA,"1978",53,22
"2492",NA,"1979",47,33
"2493",NA,"1980",56,26
"2494",NA,"1981",1376,397
"2495",NA,"1982",77,40
"2496",NA,"1983",1865,507
"2497",NA,"1984",144,48
"2498",NA,"1985",112,52
"2499",NA,"1986",212,61
"2500",NA,"1987",188,85
"2501",NA,"1988",188,72
"2502",NA,"1989",200,121
"2503",NA,"1990",758,498
"2504",NA,"1991",163,93
"2505",NA,"1992",285,171
"2506",NA,"1993",344,156
"2507",NA,"1994",154,88
"2508",NA,"1995",526,298
"2509",NA,"1996",425,178
"2510",NA,"1997",400,204
"2511",NA,"1998",698,489
"2512",NA,"1999",356,186
"2513",NA,"2000",556,268
"2514",NA,"2001",464,216
"2515",NA,"2002",868,344
"2516",NA,"2003",816,328
"2517",NA,"2004",862,371
"2518",NA,"2005",1073,547
"2519",NA,"2006",1308,502
"2520",NA,"2007",1885,527
"2521",NA,"2008",1622,733
"2522",NA,"2009",3758,2221
"2523",NA,"2010",3922,1871
"2524",NA,"2011",3985,2094
"2525",NA,"2012",4313,2350
"2526",NA,"2013",5480,3305
"2527",NA,"2014",6471,3732
"2528",NA,"2015",6858,4099
"2529",NA,"2016",7549,4429
"2530",NA,"2017",9147,5231
"2531",NA,"2018",10237,5905
"2532",NA,"2019",10066,5871
